{
  "collections": [{
    "name": "ActiveStorage__Attachment",
    "name_old": "active_storage_attachments",
    "icon": null,
    "is_read_only": false,
    "is_searchable": true,
    "is_virtual": false,
    "only_for_relationships": false,
    "pagination_type": "page",
    "fields": [{
      "field": "blob",
      "type": "Number",
      "default_value": null,
      "enums": null,
      "integration": null,
      "is_filterable": true,
      "is_read_only": false,
      "is_required": false,
      "is_sortable": true,
      "is_virtual": false,
      "reference": "ActiveStorage__Blob.id",
      "inverse_of": "attachments",
      "relationship": "BelongsTo",
      "widget": null,
      "validations": []
    }, {
      "field": "created_at",
      "type": "Date",
      "default_value": null,
      "enums": null,
      "integration": null,
      "is_filterable": true,
      "is_read_only": false,
      "is_required": false,
      "is_sortable": true,
      "is_virtual": false,
      "reference": null,
      "inverse_of": null,
      "widget": null,
      "validations": []
    }, {
      "field": "id",
      "type": "Number",
      "default_value": null,
      "enums": null,
      "integration": null,
      "is_filterable": true,
      "is_read_only": false,
      "is_required": false,
      "is_sortable": true,
      "is_virtual": false,
      "reference": null,
      "inverse_of": null,
      "widget": null,
      "validations": []
    }, {
      "field": "name",
      "type": "String",
      "default_value": null,
      "enums": null,
      "integration": null,
      "is_filterable": true,
      "is_read_only": false,
      "is_required": false,
      "is_sortable": true,
      "is_virtual": false,
      "reference": null,
      "inverse_of": null,
      "widget": null,
      "validations": []
    }, {
      "field": "record_id",
      "type": "Number",
      "default_value": null,
      "enums": null,
      "integration": null,
      "is_filterable": true,
      "is_read_only": false,
      "is_required": false,
      "is_sortable": true,
      "is_virtual": false,
      "reference": null,
      "inverse_of": null,
      "widget": null,
      "validations": []
    }, {
      "field": "record_type",
      "type": "String",
      "default_value": null,
      "enums": null,
      "integration": null,
      "is_filterable": true,
      "is_read_only": false,
      "is_required": false,
      "is_sortable": true,
      "is_virtual": false,
      "reference": null,
      "inverse_of": null,
      "widget": null,
      "validations": []
    }],
    "segments": [],
    "actions": []
  }, {
    "name": "ActiveStorage__Blob",
    "name_old": "active_storage_blobs",
    "icon": null,
    "is_read_only": false,
    "is_searchable": true,
    "is_virtual": false,
    "only_for_relationships": false,
    "pagination_type": "page",
    "fields": [{
      "field": "attachments",
      "type": ["Number"],
      "default_value": null,
      "enums": null,
      "integration": null,
      "is_filterable": false,
      "is_read_only": false,
      "is_required": false,
      "is_sortable": true,
      "is_virtual": false,
      "reference": "ActiveStorage__Attachment.id",
      "inverse_of": "blob",
      "relationship": "HasMany",
      "widget": null,
      "validations": []
    }, {
      "field": "byte_size",
      "type": "Number",
      "default_value": null,
      "enums": null,
      "integration": null,
      "is_filterable": true,
      "is_read_only": false,
      "is_required": false,
      "is_sortable": true,
      "is_virtual": false,
      "reference": null,
      "inverse_of": null,
      "widget": null,
      "validations": []
    }, {
      "field": "checksum",
      "type": "String",
      "default_value": null,
      "enums": null,
      "integration": null,
      "is_filterable": true,
      "is_read_only": false,
      "is_required": false,
      "is_sortable": true,
      "is_virtual": false,
      "reference": null,
      "inverse_of": null,
      "widget": null,
      "validations": []
    }, {
      "field": "content_type",
      "type": "String",
      "default_value": null,
      "enums": null,
      "integration": null,
      "is_filterable": true,
      "is_read_only": false,
      "is_required": false,
      "is_sortable": true,
      "is_virtual": false,
      "reference": null,
      "inverse_of": null,
      "widget": null,
      "validations": []
    }, {
      "field": "created_at",
      "type": "Date",
      "default_value": null,
      "enums": null,
      "integration": null,
      "is_filterable": true,
      "is_read_only": false,
      "is_required": false,
      "is_sortable": true,
      "is_virtual": false,
      "reference": null,
      "inverse_of": null,
      "widget": null,
      "validations": []
    }, {
      "field": "filename",
      "type": "String",
      "default_value": null,
      "enums": null,
      "integration": null,
      "is_filterable": true,
      "is_read_only": false,
      "is_required": false,
      "is_sortable": true,
      "is_virtual": false,
      "reference": null,
      "inverse_of": null,
      "widget": null,
      "validations": []
    }, {
      "field": "id",
      "type": "Number",
      "default_value": null,
      "enums": null,
      "integration": null,
      "is_filterable": true,
      "is_read_only": false,
      "is_required": false,
      "is_sortable": true,
      "is_virtual": false,
      "reference": null,
      "inverse_of": null,
      "widget": null,
      "validations": []
    }, {
      "field": "key",
      "type": "String",
      "default_value": null,
      "enums": null,
      "integration": null,
      "is_filterable": true,
      "is_read_only": false,
      "is_required": false,
      "is_sortable": true,
      "is_virtual": false,
      "reference": null,
      "inverse_of": null,
      "widget": null,
      "validations": []
    }, {
      "field": "metadata",
      "type": "String",
      "default_value": null,
      "enums": null,
      "integration": null,
      "is_filterable": true,
      "is_read_only": false,
      "is_required": false,
      "is_sortable": true,
      "is_virtual": false,
      "reference": null,
      "inverse_of": null,
      "widget": null,
      "validations": []
    }, {
      "field": "preview_image_attachment",
      "type": "Number",
      "default_value": null,
      "enums": null,
      "integration": null,
      "is_filterable": true,
      "is_read_only": false,
      "is_required": false,
      "is_sortable": true,
      "is_virtual": false,
      "reference": "ActiveStorage__Attachment.id",
      "inverse_of": "record",
      "relationship": "HasOne",
      "widget": null,
      "validations": []
    }, {
      "field": "preview_image_blob",
      "type": "Number",
      "default_value": null,
      "enums": null,
      "integration": null,
      "is_filterable": true,
      "is_read_only": false,
      "is_required": false,
      "is_sortable": true,
      "is_virtual": false,
      "reference": "ActiveStorage__Blob.id",
      "inverse_of": null,
      "relationship": "HasOne",
      "widget": null,
      "validations": []
    }, {
      "field": "service_name",
      "type": "String",
      "default_value": null,
      "enums": null,
      "integration": null,
      "is_filterable": true,
      "is_read_only": false,
      "is_required": true,
      "is_sortable": true,
      "is_virtual": false,
      "reference": null,
      "inverse_of": null,
      "widget": null,
      "validations": [{
        "message": null,
        "type": "is present"
      }]
    }, {
      "field": "variant_records",
      "type": ["Number"],
      "default_value": null,
      "enums": null,
      "integration": null,
      "is_filterable": false,
      "is_read_only": false,
      "is_required": false,
      "is_sortable": true,
      "is_virtual": false,
      "reference": "ActiveStorage__VariantRecord.id",
      "inverse_of": "blob",
      "relationship": "HasMany",
      "widget": null,
      "validations": []
    }],
    "segments": [],
    "actions": []
  }, {
    "name": "ActiveStorage__VariantRecord",
    "name_old": "active_storage_variant_records",
    "icon": null,
    "is_read_only": false,
    "is_searchable": true,
    "is_virtual": false,
    "only_for_relationships": false,
    "pagination_type": "page",
    "fields": [{
      "field": "blob",
      "type": "Number",
      "default_value": null,
      "enums": null,
      "integration": null,
      "is_filterable": true,
      "is_read_only": false,
      "is_required": false,
      "is_sortable": true,
      "is_virtual": false,
      "reference": "ActiveStorage__Blob.id",
      "inverse_of": "variant_records",
      "relationship": "BelongsTo",
      "widget": null,
      "validations": []
    }, {
      "field": "id",
      "type": "Number",
      "default_value": null,
      "enums": null,
      "integration": null,
      "is_filterable": true,
      "is_read_only": false,
      "is_required": false,
      "is_sortable": true,
      "is_virtual": false,
      "reference": null,
      "inverse_of": null,
      "widget": null,
      "validations": []
    }, {
      "field": "image_attachment",
      "type": "Number",
      "default_value": null,
      "enums": null,
      "integration": null,
      "is_filterable": true,
      "is_read_only": false,
      "is_required": false,
      "is_sortable": true,
      "is_virtual": false,
      "reference": "ActiveStorage__Attachment.id",
      "inverse_of": "record",
      "relationship": "HasOne",
      "widget": null,
      "validations": []
    }, {
      "field": "image_blob",
      "type": "Number",
      "default_value": null,
      "enums": null,
      "integration": null,
      "is_filterable": true,
      "is_read_only": false,
      "is_required": false,
      "is_sortable": true,
      "is_virtual": false,
      "reference": "ActiveStorage__Blob.id",
      "inverse_of": "variant_records",
      "relationship": "HasOne",
      "widget": null,
      "validations": []
    }, {
      "field": "variation_digest",
      "type": "String",
      "default_value": null,
      "enums": null,
      "integration": null,
      "is_filterable": true,
      "is_read_only": false,
      "is_required": false,
      "is_sortable": true,
      "is_virtual": false,
      "reference": null,
      "inverse_of": null,
      "widget": null,
      "validations": []
    }],
    "segments": [],
    "actions": []
  }, {
    "name": "Client",
    "name_old": "clients",
    "icon": null,
    "is_read_only": false,
    "is_searchable": true,
    "is_virtual": false,
    "only_for_relationships": false,
    "pagination_type": "page",
    "fields": [{
      "field": "created_at",
      "type": "Date",
      "default_value": null,
      "enums": null,
      "integration": null,
      "is_filterable": true,
      "is_read_only": false,
      "is_required": false,
      "is_sortable": true,
      "is_virtual": false,
      "reference": null,
      "inverse_of": null,
      "widget": null,
      "validations": []
    }, {
      "field": "email",
      "type": "String",
      "default_value": null,
      "enums": null,
      "integration": null,
      "is_filterable": true,
      "is_read_only": false,
      "is_required": false,
      "is_sortable": true,
      "is_virtual": false,
      "reference": null,
      "inverse_of": null,
      "widget": null,
      "validations": []
    }, {
      "field": "id",
      "type": "Number",
      "default_value": null,
      "enums": null,
      "integration": null,
      "is_filterable": true,
      "is_read_only": false,
      "is_required": false,
      "is_sortable": true,
      "is_virtual": false,
      "reference": null,
      "inverse_of": null,
      "widget": null,
      "validations": []
    }, {
      "field": "name",
      "type": "String",
      "default_value": null,
      "enums": null,
      "integration": null,
      "is_filterable": true,
      "is_read_only": false,
      "is_required": false,
      "is_sortable": true,
      "is_virtual": false,
      "reference": null,
      "inverse_of": null,
      "widget": null,
      "validations": []
    }, {
      "field": "password_digest",
      "type": "String",
      "default_value": null,
      "enums": null,
      "integration": null,
      "is_filterable": true,
      "is_read_only": false,
      "is_required": false,
      "is_sortable": true,
      "is_virtual": false,
      "reference": null,
      "inverse_of": null,
      "widget": null,
      "validations": []
    }, {
      "field": "updated_at",
      "type": "Date",
      "default_value": null,
      "enums": null,
      "integration": null,
      "is_filterable": true,
      "is_read_only": false,
      "is_required": false,
      "is_sortable": true,
      "is_virtual": false,
      "reference": null,
      "inverse_of": null,
      "widget": null,
      "validations": []
    }],
    "segments": [],
    "actions": []
  }, {
    "name": "Comment",
    "name_old": "comments",
    "icon": null,
    "is_read_only": false,
    "is_searchable": true,
    "is_virtual": false,
    "only_for_relationships": false,
    "pagination_type": "page",
    "fields": [{
      "field": "comment",
      "type": "String",
      "default_value": null,
      "enums": null,
      "integration": null,
      "is_filterable": true,
      "is_read_only": false,
      "is_required": false,
      "is_sortable": true,
      "is_virtual": false,
      "reference": null,
      "inverse_of": null,
      "widget": null,
      "validations": []
    }, {
      "field": "created_at",
      "type": "Date",
      "default_value": null,
      "enums": null,
      "integration": null,
      "is_filterable": true,
      "is_read_only": false,
      "is_required": false,
      "is_sortable": true,
      "is_virtual": false,
      "reference": null,
      "inverse_of": null,
      "widget": null,
      "validations": []
    }, {
      "field": "expense",
      "type": "Number",
      "default_value": null,
      "enums": null,
      "integration": null,
      "is_filterable": true,
      "is_read_only": false,
      "is_required": false,
      "is_sortable": true,
      "is_virtual": false,
      "reference": "Expense.id",
      "inverse_of": "comments",
      "relationship": "BelongsTo",
      "widget": null,
      "validations": []
    }, {
      "field": "id",
      "type": "Number",
      "default_value": null,
      "enums": null,
      "integration": null,
      "is_filterable": true,
      "is_read_only": false,
      "is_required": false,
      "is_sortable": true,
      "is_virtual": false,
      "reference": null,
      "inverse_of": null,
      "widget": null,
      "validations": []
    }, {
      "field": "name",
      "type": "String",
      "default_value": null,
      "enums": null,
      "integration": null,
      "is_filterable": true,
      "is_read_only": false,
      "is_required": false,
      "is_sortable": true,
      "is_virtual": false,
      "reference": null,
      "inverse_of": null,
      "widget": null,
      "validations": []
    }, {
      "field": "report",
      "type": "Number",
      "default_value": null,
      "enums": null,
      "integration": null,
      "is_filterable": true,
      "is_read_only": false,
      "is_required": false,
      "is_sortable": true,
      "is_virtual": false,
      "reference": "Report.id",
      "inverse_of": "comments",
      "relationship": "BelongsTo",
      "widget": null,
      "validations": []
    }, {
      "field": "updated_at",
      "type": "Date",
      "default_value": null,
      "enums": null,
      "integration": null,
      "is_filterable": true,
      "is_read_only": false,
      "is_required": false,
      "is_sortable": true,
      "is_virtual": false,
      "reference": null,
      "inverse_of": null,
      "widget": null,
      "validations": []
    }],
    "segments": [],
    "actions": []
  }, {
    "name": "Employee",
    "name_old": "employees",
    "icon": null,
    "is_read_only": false,
    "is_searchable": true,
    "is_virtual": false,
    "only_for_relationships": false,
    "pagination_type": "page",
    "fields": [{
      "field": "address",
      "type": "String",
      "default_value": null,
      "enums": null,
      "integration": null,
      "is_filterable": true,
      "is_read_only": false,
      "is_required": false,
      "is_sortable": true,
      "is_virtual": false,
      "reference": null,
      "inverse_of": null,
      "widget": null,
      "validations": []
    }, {
      "field": "created_at",
      "type": "Date",
      "default_value": null,
      "enums": null,
      "integration": null,
      "is_filterable": true,
      "is_read_only": false,
      "is_required": false,
      "is_sortable": true,
      "is_virtual": false,
      "reference": null,
      "inverse_of": null,
      "widget": null,
      "validations": []
    }, {
      "field": "department",
      "type": "Number",
      "default_value": null,
      "enums": null,
      "integration": null,
      "is_filterable": true,
      "is_read_only": false,
      "is_required": false,
      "is_sortable": true,
      "is_virtual": false,
      "reference": null,
      "inverse_of": null,
      "widget": null,
      "validations": []
    }, {
      "field": "email",
      "type": "String",
      "default_value": null,
      "enums": null,
      "integration": null,
      "is_filterable": true,
      "is_read_only": false,
      "is_required": false,
      "is_sortable": true,
      "is_virtual": false,
      "reference": null,
      "inverse_of": null,
      "widget": null,
      "validations": []
    }, {
      "field": "employment_status",
      "type": "String",
      "default_value": null,
      "enums": null,
      "integration": null,
      "is_filterable": true,
      "is_read_only": false,
      "is_required": false,
      "is_sortable": true,
      "is_virtual": false,
      "reference": null,
      "inverse_of": null,
      "widget": null,
      "validations": []
    }, {
      "field": "expenses",
      "type": ["Number"],
      "default_value": null,
      "enums": null,
      "integration": null,
      "is_filterable": false,
      "is_read_only": false,
      "is_required": false,
      "is_sortable": true,
      "is_virtual": false,
      "reference": "Expense.id",
      "inverse_of": "employee",
      "relationship": "HasMany",
      "widget": null,
      "validations": []
    }, {
      "field": "id",
      "type": "Number",
      "default_value": null,
      "enums": null,
      "integration": null,
      "is_filterable": true,
      "is_read_only": false,
      "is_required": false,
      "is_sortable": true,
      "is_virtual": false,
      "reference": null,
      "inverse_of": null,
      "widget": null,
      "validations": []
    }, {
      "field": "name",
      "type": "String",
      "default_value": null,
      "enums": null,
      "integration": null,
      "is_filterable": true,
      "is_read_only": false,
      "is_required": false,
      "is_sortable": true,
      "is_virtual": false,
      "reference": null,
      "inverse_of": null,
      "widget": null,
      "validations": []
    }, {
      "field": "password_digest",
      "type": "String",
      "default_value": null,
      "enums": null,
      "integration": null,
      "is_filterable": true,
      "is_read_only": false,
      "is_required": false,
      "is_sortable": true,
      "is_virtual": false,
      "reference": null,
      "inverse_of": null,
      "widget": null,
      "validations": []
    }, {
      "field": "phone_number",
      "type": "Number",
      "default_value": null,
      "enums": null,
      "integration": null,
      "is_filterable": true,
      "is_read_only": false,
      "is_required": false,
      "is_sortable": true,
      "is_virtual": false,
      "reference": null,
      "inverse_of": null,
      "widget": null,
      "validations": []
    }, {
      "field": "reimbursement",
      "type": "String",
      "default_value": null,
      "enums": null,
      "integration": null,
      "is_filterable": true,
      "is_read_only": false,
      "is_required": false,
      "is_sortable": true,
      "is_virtual": false,
      "reference": null,
      "inverse_of": null,
      "widget": null,
      "validations": []
    }, {
      "field": "reports",
      "type": ["Number"],
      "default_value": null,
      "enums": null,
      "integration": null,
      "is_filterable": false,
      "is_read_only": false,
      "is_required": false,
      "is_sortable": true,
      "is_virtual": false,
      "reference": "Report.id",
      "inverse_of": "employee",
      "relationship": "HasMany",
      "widget": null,
      "validations": []
    }, {
      "field": "updated_at",
      "type": "Date",
      "default_value": null,
      "enums": null,
      "integration": null,
      "is_filterable": true,
      "is_read_only": false,
      "is_required": false,
      "is_sortable": true,
      "is_virtual": false,
      "reference": null,
      "inverse_of": null,
      "widget": null,
      "validations": []
    }],
    "segments": [],
    "actions": []
  }, {
    "name": "Expense",
    "name_old": "expenses",
    "icon": null,
    "is_read_only": false,
    "is_searchable": true,
    "is_virtual": false,
    "only_for_relationships": false,
    "pagination_type": "page",
    "fields": [{
      "field": "amount",
      "type": "Number",
      "default_value": null,
      "enums": null,
      "integration": null,
      "is_filterable": true,
      "is_read_only": false,
      "is_required": false,
      "is_sortable": true,
      "is_virtual": false,
      "reference": null,
      "inverse_of": null,
      "widget": null,
      "validations": []
    }, {
      "field": "comments",
      "type": ["Number"],
      "default_value": null,
      "enums": null,
      "integration": null,
      "is_filterable": false,
      "is_read_only": false,
      "is_required": false,
      "is_sortable": true,
      "is_virtual": false,
      "reference": "Comment.id",
      "inverse_of": "expense",
      "relationship": "HasMany",
      "widget": null,
      "validations": []
    }, {
      "field": "created_at",
      "type": "Date",
      "default_value": null,
      "enums": null,
      "integration": null,
      "is_filterable": true,
      "is_read_only": false,
      "is_required": false,
      "is_sortable": true,
      "is_virtual": false,
      "reference": null,
      "inverse_of": null,
      "widget": null,
      "validations": []
    }, {
      "field": "date",
      "type": "Dateonly",
      "default_value": null,
      "enums": null,
      "integration": null,
      "is_filterable": true,
      "is_read_only": false,
      "is_required": false,
      "is_sortable": true,
      "is_virtual": false,
      "reference": null,
      "inverse_of": null,
      "widget": null,
      "validations": []
    }, {
      "field": "description",
      "type": "String",
      "default_value": null,
      "enums": null,
      "integration": null,
      "is_filterable": true,
      "is_read_only": false,
      "is_required": false,
      "is_sortable": true,
      "is_virtual": false,
      "reference": null,
      "inverse_of": null,
      "widget": null,
      "validations": []
    }, {
      "field": "employee",
      "type": "Number",
      "default_value": null,
      "enums": null,
      "integration": null,
      "is_filterable": true,
      "is_read_only": false,
      "is_required": false,
      "is_sortable": true,
      "is_virtual": false,
      "reference": "Employee.id",
      "inverse_of": "expenses",
      "relationship": "BelongsTo",
      "widget": null,
      "validations": []
    }, {
      "field": "id",
      "type": "Number",
      "default_value": null,
      "enums": null,
      "integration": null,
      "is_filterable": true,
      "is_read_only": false,
      "is_required": false,
      "is_sortable": true,
      "is_virtual": false,
      "reference": null,
      "inverse_of": null,
      "widget": null,
      "validations": []
    }, {
      "field": "invoice_bill_attachment",
      "type": "Number",
      "default_value": null,
      "enums": null,
      "integration": null,
      "is_filterable": true,
      "is_read_only": false,
      "is_required": false,
      "is_sortable": true,
      "is_virtual": false,
      "reference": "ActiveStorage__Attachment.id",
      "inverse_of": "record",
      "relationship": "HasOne",
      "widget": null,
      "validations": []
    }, {
      "field": "invoice_bill_blob",
      "type": "Number",
      "default_value": null,
      "enums": null,
      "integration": null,
      "is_filterable": true,
      "is_read_only": false,
      "is_required": false,
      "is_sortable": true,
      "is_virtual": false,
      "reference": "ActiveStorage__Blob.id",
      "inverse_of": null,
      "relationship": "HasOne",
      "widget": null,
      "validations": []
    }, {
      "field": "invoice_number",
      "type": "Number",
      "default_value": null,
      "enums": null,
      "integration": null,
      "is_filterable": true,
      "is_read_only": false,
      "is_required": false,
      "is_sortable": true,
      "is_virtual": false,
      "reference": null,
      "inverse_of": null,
      "widget": null,
      "validations": []
    }, {
      "field": "report",
      "type": "Number",
      "default_value": null,
      "enums": null,
      "integration": null,
      "is_filterable": true,
      "is_read_only": false,
      "is_required": false,
      "is_sortable": true,
      "is_virtual": false,
      "reference": "Report.id",
      "inverse_of": "expenses",
      "relationship": "BelongsTo",
      "widget": null,
      "validations": []
    }, {
      "field": "status",
      "type": "String",
      "default_value": null,
      "enums": null,
      "integration": null,
      "is_filterable": true,
      "is_read_only": false,
      "is_required": false,
      "is_sortable": true,
      "is_virtual": false,
      "reference": null,
      "inverse_of": null,
      "widget": null,
      "validations": []
    }, {
      "field": "updated_at",
      "type": "Date",
      "default_value": null,
      "enums": null,
      "integration": null,
      "is_filterable": true,
      "is_read_only": false,
      "is_required": false,
      "is_sortable": true,
      "is_virtual": false,
      "reference": null,
      "inverse_of": null,
      "widget": null,
      "validations": []
    }],
    "segments": [],
    "actions": []
  }, {
    "name": "Post",
    "name_old": "posts",
    "icon": null,
    "is_read_only": false,
    "is_searchable": true,
    "is_virtual": false,
    "only_for_relationships": false,
    "pagination_type": "page",
    "fields": [{
      "field": "body",
      "type": "String",
      "default_value": null,
      "enums": null,
      "integration": null,
      "is_filterable": true,
      "is_read_only": false,
      "is_required": false,
      "is_sortable": true,
      "is_virtual": false,
      "reference": null,
      "inverse_of": null,
      "widget": null,
      "validations": []
    }, {
      "field": "created_at",
      "type": "Date",
      "default_value": null,
      "enums": null,
      "integration": null,
      "is_filterable": true,
      "is_read_only": false,
      "is_required": false,
      "is_sortable": true,
      "is_virtual": false,
      "reference": null,
      "inverse_of": null,
      "widget": null,
      "validations": []
    }, {
      "field": "id",
      "type": "Number",
      "default_value": null,
      "enums": null,
      "integration": null,
      "is_filterable": true,
      "is_read_only": false,
      "is_required": false,
      "is_sortable": true,
      "is_virtual": false,
      "reference": null,
      "inverse_of": null,
      "widget": null,
      "validations": []
    }, {
      "field": "title",
      "type": "String",
      "default_value": null,
      "enums": null,
      "integration": null,
      "is_filterable": true,
      "is_read_only": false,
      "is_required": false,
      "is_sortable": true,
      "is_virtual": false,
      "reference": null,
      "inverse_of": null,
      "widget": null,
      "validations": []
    }, {
      "field": "updated_at",
      "type": "Date",
      "default_value": null,
      "enums": null,
      "integration": null,
      "is_filterable": true,
      "is_read_only": false,
      "is_required": false,
      "is_sortable": true,
      "is_virtual": false,
      "reference": null,
      "inverse_of": null,
      "widget": null,
      "validations": []
    }, {
      "field": "user",
      "type": "Number",
      "default_value": null,
      "enums": null,
      "integration": null,
      "is_filterable": true,
      "is_read_only": false,
      "is_required": false,
      "is_sortable": true,
      "is_virtual": false,
      "reference": "User.id",
      "inverse_of": null,
      "relationship": "BelongsTo",
      "widget": null,
      "validations": []
    }],
    "segments": [],
    "actions": []
  }, {
    "name": "Report",
    "name_old": "reports",
    "icon": null,
    "is_read_only": false,
    "is_searchable": true,
    "is_virtual": false,
    "only_for_relationships": false,
    "pagination_type": "page",
    "fields": [{
      "field": "amount",
      "type": "Number",
      "default_value": null,
      "enums": null,
      "integration": null,
      "is_filterable": true,
      "is_read_only": false,
      "is_required": false,
      "is_sortable": true,
      "is_virtual": false,
      "reference": null,
      "inverse_of": null,
      "widget": null,
      "validations": []
    }, {
      "field": "comments",
      "type": ["Number"],
      "default_value": null,
      "enums": null,
      "integration": null,
      "is_filterable": false,
      "is_read_only": false,
      "is_required": false,
      "is_sortable": true,
      "is_virtual": false,
      "reference": "Comment.id",
      "inverse_of": "report",
      "relationship": "HasMany",
      "widget": null,
      "validations": []
    }, {
      "field": "created_at",
      "type": "Date",
      "default_value": null,
      "enums": null,
      "integration": null,
      "is_filterable": true,
      "is_read_only": false,
      "is_required": false,
      "is_sortable": true,
      "is_virtual": false,
      "reference": null,
      "inverse_of": null,
      "widget": null,
      "validations": []
    }, {
      "field": "description",
      "type": "String",
      "default_value": null,
      "enums": null,
      "integration": null,
      "is_filterable": true,
      "is_read_only": false,
      "is_required": false,
      "is_sortable": true,
      "is_virtual": false,
      "reference": null,
      "inverse_of": null,
      "widget": null,
      "validations": []
    }, {
      "field": "employee",
      "type": "Number",
      "default_value": null,
      "enums": null,
      "integration": null,
      "is_filterable": true,
      "is_read_only": false,
      "is_required": false,
      "is_sortable": true,
      "is_virtual": false,
      "reference": "Employee.id",
      "inverse_of": "reports",
      "relationship": "BelongsTo",
      "widget": null,
      "validations": []
    }, {
      "field": "expenses",
      "type": ["Number"],
      "default_value": null,
      "enums": null,
      "integration": null,
      "is_filterable": false,
      "is_read_only": false,
      "is_required": false,
      "is_sortable": true,
      "is_virtual": false,
      "reference": "Expense.id",
      "inverse_of": "report",
      "relationship": "HasMany",
      "widget": null,
      "validations": []
    }, {
      "field": "id",
      "type": "Number",
      "default_value": null,
      "enums": null,
      "integration": null,
      "is_filterable": true,
      "is_read_only": false,
      "is_required": false,
      "is_sortable": true,
      "is_virtual": false,
      "reference": null,
      "inverse_of": null,
      "widget": null,
      "validations": []
    }, {
      "field": "status",
      "type": "String",
      "default_value": null,
      "enums": null,
      "integration": null,
      "is_filterable": true,
      "is_read_only": false,
      "is_required": false,
      "is_sortable": true,
      "is_virtual": false,
      "reference": null,
      "inverse_of": null,
      "widget": null,
      "validations": []
    }, {
      "field": "title",
      "type": "String",
      "default_value": null,
      "enums": null,
      "integration": null,
      "is_filterable": true,
      "is_read_only": false,
      "is_required": false,
      "is_sortable": true,
      "is_virtual": false,
      "reference": null,
      "inverse_of": null,
      "widget": null,
      "validations": []
    }, {
      "field": "updated_at",
      "type": "Date",
      "default_value": null,
      "enums": null,
      "integration": null,
      "is_filterable": true,
      "is_read_only": false,
      "is_required": false,
      "is_sortable": true,
      "is_virtual": false,
      "reference": null,
      "inverse_of": null,
      "widget": null,
      "validations": []
    }],
    "segments": [],
    "actions": []
  }, {
    "name": "User",
    "name_old": "users",
    "icon": null,
    "is_read_only": false,
    "is_searchable": true,
    "is_virtual": false,
    "only_for_relationships": false,
    "pagination_type": "page",
    "fields": [{
      "field": "admin",
      "type": "Boolean",
      "default_value": "0",
      "enums": null,
      "integration": null,
      "is_filterable": true,
      "is_read_only": false,
      "is_required": false,
      "is_sortable": true,
      "is_virtual": false,
      "reference": null,
      "inverse_of": null,
      "widget": null,
      "validations": []
    }, {
      "field": "created_at",
      "type": "Date",
      "default_value": null,
      "enums": null,
      "integration": null,
      "is_filterable": true,
      "is_read_only": false,
      "is_required": false,
      "is_sortable": true,
      "is_virtual": false,
      "reference": null,
      "inverse_of": null,
      "widget": null,
      "validations": []
    }, {
      "field": "email",
      "type": "String",
      "default_value": "",
      "enums": null,
      "integration": null,
      "is_filterable": true,
      "is_read_only": false,
      "is_required": false,
      "is_sortable": true,
      "is_virtual": false,
      "reference": null,
      "inverse_of": null,
      "widget": null,
      "validations": []
    }, {
      "field": "password",
      "type": "String",
      "default_value": "",
      "enums": null,
      "integration": null,
      "is_filterable": true,
      "is_read_only": false,
      "is_required": false,
      "is_sortable": true,
      "is_virtual": false,
      "reference": null,
      "inverse_of": null,
      "widget": null,
      "validations": []
    }, {
      "field": "id",
      "type": "Number",
      "default_value": null,
      "enums": null,
      "integration": null,
      "is_filterable": true,
      "is_read_only": false,
      "is_required": false,
      "is_sortable": true,
      "is_virtual": false,
      "reference": null,
      "inverse_of": null,
      "widget": null,
      "validations": []
    }, {
      "field": "remember_created_at",
      "type": "Date",
      "default_value": null,
      "enums": null,
      "integration": null,
      "is_filterable": true,
      "is_read_only": false,
      "is_required": false,
      "is_sortable": true,
      "is_virtual": false,
      "reference": null,
      "inverse_of": null,
      "widget": null,
      "validations": []
    }, {
      "field": "reset_password_sent_at",
      "type": "Date",
      "default_value": null,
      "enums": null,
      "integration": null,
      "is_filterable": true,
      "is_read_only": false,
      "is_required": false,
      "is_sortable": true,
      "is_virtual": false,
      "reference": null,
      "inverse_of": null,
      "widget": null,
      "validations": []
    }, {
      "field": "reset_password_token",
      "type": "String",
      "default_value": null,
      "enums": null,
      "integration": null,
      "is_filterable": true,
      "is_read_only": false,
      "is_required": false,
      "is_sortable": true,
      "is_virtual": false,
      "reference": null,
      "inverse_of": null,
      "widget": null,
      "validations": []
    }, {
      "field": "updated_at",
      "type": "Date",
      "default_value": null,
      "enums": null,
      "integration": null,
      "is_filterable": true,
      "is_read_only": false,
      "is_required": false,
      "is_sortable": true,
      "is_virtual": false,
      "reference": null,
      "inverse_of": null,
      "widget": null,
      "validations": []
    }],
    "segments": [],
    "actions": [{
      "name": "Change password",
      "type": "bulk",
      "base_url": null,
      "endpoint": "forest/actions/change-password",
      "http_method": "POST",
      "redirect": null,
      "download": false,
      "fields": [{
        "field": "New password",
        "type": "String",
        "default_value": null,
        "enums": null,
        "is_required": false,
        "is_read_only": false,
        "reference": null,
        "description": null,
        "position": 0,
        "widget": null
      }],
      "hooks": {
        "load": false,
        "change": []
      }
    }]
  }],
  "meta": {
    "liana": "forest-rails",
    "liana_version": "8.0.1",
    "stack": {
      "database_type": "sqlite3",
      "orm_version": "7.0.4.2"
    }
  }
}
